"Name","Area"
"アジア教育学会","言語・文学"
"アジア系アメリカ文学研究会","言語・文学"
"アジア文化造形学会","言語・文学"
"アメリカ学会","言語・文学"
"イアシル・ジャパン（国際アイルランド文学協会日本支部）","言語・文学"
"生き物文化誌学会","言語・文学"
"イギリス・ロマン派学会","言語・文学"
"イタリア学会","言語・文学"
"異文化間教育学会","言語・文学"
"移民政策学会","言語・文学"
"印度学宗教学会","言語・文学"
"インド思想史学会","言語・文学"
"英語コーパス学会","言語・文学"
"英語語法文法学会","言語・文学"
"英米文化学会","言語・文学"
"桜門ドイツ文学会","言語・文学"
"音楽教育史学会","言語・文学"
"解釈学会","言語・文学"
"カルチュラル・スタディーズ学会","言語・文学"
"川端康成学会","言語・文学"
"環太平洋応用言語学会","言語・文学"
"関東甲信越英語教育学会","言語・文学"
"外国語教育学会","言語・文学"
"外国語教育メディア学会","言語・文学"
"九州中国学会","言語・文学"
"近代英語協会","言語・文学"
"訓点語学会","言語・文学"
"グローバル人材育成教育学会","言語・文学"
"計量国語学会","言語・文学"
"言語科学会","言語・文学"
"言語処理学会","言語・文学"
"言語人文学会","言語・文学"
"言語文化学会","言語・文学"
"言語文化教育研究学会","言語・文学"
"現代韓国朝鮮学会","言語・文学"
"ゲーテ自然科学の集い","言語・文学"
"交通史学会","言語・文学"
"国際アジア共同体学会","言語・文学"
"国際ジェンダー学会","言語・文学"
"国際ビジネスコミュニケーション学会","言語・文学"
"国際文化表現学会","言語・文学"
"国際幼児教育学会","言語・文学"
"黒人研究学会","言語・文学"
"古事記学会","言語・文学"
"駒沢宗教学研究会","言語・文学"
"サイコアナリティカル英文学会","言語・文学"
"サウンディングズ英語英米文学会","言語・文学"
"社会言語科学会","言語・文学"
"社会文化学会","言語・文学"
"社叢学会","言語・文学"
"昭和文学会","言語・文学"
"新英米文学会","言語・文学"
"上代文学会","言語・文学"
"鈴屋学会","言語・文学"
"世界文学会","言語・文学"
"説話・伝承学会","言語・文学"
"専門日本語教育学会","言語・文学"
"全国英語教育学会","言語・文学"
"全国語学教育学会","言語・文学"
"全国大学国語教育学会","言語・文学"
"全国大学国語国文学会","言語・文学"
"全国大学書道学会","言語・文学"
"総合人間学会","言語・文学"
"台湾史研究会","言語・文学"
"多文化関係学会","言語・文学"
"大学英語教育学会","言語・文学"
"大学評価学会","言語・文学"
"智山勧学会","言語・文学"
"中古文学会","言語・文学"
"中国語教育学会","言語・文学"
"中國出土資料學會","言語・文学"
"中国文化学会","言語・文学"
"中国文史哲研究会","言語・文学"
"中世文学会","言語・文学"
"朝鮮学会","言語・文学"
"朝鮮語教育学会","言語・文学"
"東欧史研究会","言語・文学"
"東海印度学仏教学会","言語・文学"
"東南アジア学会","言語・文学"
"ドイツ文法理論研究会","言語・文学"
"日中対照言語学会","言語・文学"
"日本音楽学会","言語・文学"
"日本歌謡学会","言語・文学"
"日本地図学会","言語・文学"
"日本中国学会","言語・文学"
"日本「アジア英語」学会","言語・文学"
"日本アジア協会","言語・文学"
"日本アニメーション学会","言語・文学"
"日本アメリカ文学会","言語・文学"
"日本イェイツ協会","言語・文学"
"日本イギリス児童文学会","言語・文学"
"日本イギリス哲学会","言語・文学"
"日本イスパニヤ学会","言語・文学"
"日本移民学会","言語・文学"
"日本ウィリアム・フォークナー協会","言語・文学"
"日本ヴァージニア・ウルフ協会","言語・文学"
"日本映画学会","言語・文学"
"日本英語学会","言語・文学"
"日本英語教育史学会","言語・文学"
"日本英語コミュニケーション学会","言語・文学"
"日本英語表現学会","言語・文学"
"日本英語文化学会","言語・文学"
"日本映像学会","言語・文学"
"日本英文学会","言語・文学"
"日本演劇学会","言語・文学"
"日本応用老年学会","言語・文学"
"日本音楽表現学会","言語・文学"
"日本音声学会","言語・文学"
"日本オーストリア文学会","言語・文学"
"日本オーラル・ヒストリー学会","言語・文学"
"日本科学者会議","言語・文学"
"日本観光学会","言語・文学"
"日本観光研究学会","言語・文学"
"日本観光ホスピタリティ教育学会","言語・文学"
"日本外国語教育推進機構","言語・文学"
"日本学校図書館学会","言語・文学"
"日本記号学会","言語・文学"
"日本キリスト教教育学会","言語・文学"
"日本キリスト教文学会","言語・文学"
"日本近世文学会","言語・文学"
"日本近代文学会","言語・文学"
"日本ギャスケル協会","言語・文学"
"日本言語学会","言語・文学"
"日本言語政策学会","言語・文学"
"日本言語テスト学会","言語・文学"
"日本現象学会","言語・文学"
"日本現代中国学会","言語・文学"
"日本ゲーテ協会","言語・文学"
"日本広告学会","言語・文学"
"日本交渉学会","言語・文学"
"日本口承文芸学会","言語・文学"
"日本国語教育学会","言語・文学"
"日本国際教養学会","言語・文学"
"日本国際情報学会","言語・文学"
"日本国際文化学会","言語・文学"
"日本子ども社会学会","言語・文学"
"日本コミュニケーション学会","言語・文学"
"日本語学会","言語・文学"
"日本語教育学会","言語・文学"
"日本語文法学会","言語・文学"
"日本語用論学会","言語・文学"
"日本シェイクスピア協会","言語・文学"
"日本シェリング協会","言語・文学"
"日本思想史学会","言語・文学"
"日本社会文学会","言語・文学"
"日本出版学会","言語・文学"
"日本手話学会","言語・文学"
"日本新約学会","言語・文学"
"日本ジェイムズ・ジョイス協会","言語・文学"
"日本ジェンダー学会","言語・文学"
"日本時間学会","言語・文学"
"日本実用英語学会","言語・文学"
"日本児童英語教育学会","言語・文学"
"日本児童文学学会","言語・文学"
"日本18世紀学会","言語・文学"
"日本ジョンソン協会","言語・文学"
"日本ジョージ・エリオット協会","言語・文学"
"日本生活学会","言語・文学"
"日本西洋古典学会","言語・文学"
"日本総合学術学会","言語・文学"
"日本ソロー学会","言語・文学"
"日本チベット学会","言語・文学"
"日本中国語学会","言語・文学"
"日本中世英語英文学会","言語・文学"
"日本通訳翻訳学会","言語・文学"
"日本独文学会","言語・文学"
"日本ナサニエル・ホーソーン協会","言語・文学"
"日本人間関係学会","言語・文学"
"日本認知科学会","言語・文学"
"日本認知言語学会","言語・文学"
"日本ハーディ協会","言語・文学"
"日本比較文化学会","言語・文学"
"日本比較文学会","言語・文学"
"日本ピューリタニズム学会","言語・文学"
"日本福祉心理学会","言語・文学"
"日本フランス語学会","言語・文学"
"日本フランス語教育学会","言語・文学"
"日本フランス語フランス文学会","言語・文学"
"日本佛教学会","言語・文学"
"日本武道学会","言語・文学"
"日本ブリーフサイコセラピー学会","言語・文学"
"日本ブロンテ協会","言語・文学"
"日本文学協会","言語・文学"
"日本文体論学会","言語・文学"
"日本分類学会","言語・文学"
"日本ヘミングウェイ協会","言語・文学"
"日本法科学技術学会","言語・文学"
"日本方言研究会","言語・文学"
"日本マクロエンジニアリング学会","言語・文学"
"日本マレーシア学会","言語・文学"
"日本マンガ学会","言語・文学"
"日本民俗音楽学会","言語・文学"
"日本メディア英語学会","言語・文学"
"日本ルイス・キャロル協会","言語・文学"
"日本老年社会科学会","言語・文学"
"日本ロシア文学会","言語・文学"
"日本ロマンス語学会","言語・文学"
"日本ロレンス協会","言語・文学"
"日本ヴィクトリア朝文化研究学会","言語・文学"
"ニュージーランド学会","言語・文学"
"能楽学会","言語・文学"
"俳文学会","言語・文学"
"比較家族史学会","言語・文学"
"比較文明学会","言語・文学"
"東アジア学会","言語・文学"
"東アジア日本語教育・日本文化研究学会","言語・文学"
"ヒトと動物の関係学会","言語・文学"
"表現学会","言語・文学"
"表象文化論学会","言語・文学"
"広島芸術学会","言語・文学"
"富士学会","言語・文学"
"佛教文化学会","言語・文学"
"舞踊学会","言語・文学"
"マルクス・エンゲルス研究者の会","言語・文学"
"萬葉学会","言語・文学"
"密教研究会","言語・文学"
"美夫君志会","言語・文学"
"物語研究会","言語・文学"
"六朝学術学会","言語・文学"
"和歌文学会","言語・文学"
"和漢比較文学会","言語・文学"
"アジア教育学会","哲学"
"アジア文化造形学会","哲学"
"アメリカ学会","哲学"
"生き物文化誌学会","哲学"
"意匠学会","哲学"
"イタリア学会","哲学"
"印度学宗教学会","哲学"
"インド思想史学会","哲学"
"音楽教育史学会","哲学"
"科学基礎論学会","哲学"
"カルチュラル・スタディーズ学会","哲学"
"環境芸術学会","哲学"
"関西倫理学会","哲学"
"九州中国学会","哲学"
"共生社会システム学会","哲学"
"KJ法学会","哲学"
"藝術学関連学会連合","哲学"
"芸術工学会","哲学"
"言語文化学会","哲学"
"現代韓国朝鮮学会","哲学"
"ゲーテ自然科学の集い","哲学"
"交通史学会","哲学"
"国際アジア共同体学会","哲学"
"国際浮世絵学会","哲学"
"国際ジェンダー学会","哲学"
"国際服飾学会","哲学"
"国際文化表現学会","哲学"
"国際ボランティア学会","哲学"
"国際幼児教育学会","哲学"
"駒沢宗教学研究会","哲学"
"社会系教科教育学会","哲学"
"社会思想史学会","哲学"
"社会情報学会","哲学"
"社会文化学会","哲学"
"社叢学会","哲学"
"宗教哲学会","哲学"
"宗教倫理学会","哲学"
"神道史學會","哲学"
"新プラトン主義協会","哲学"
"ジャポニスム学会","哲学"
"15年戦争と日本の医学医療研究会","哲学"
"情報システム学会","哲学"
"情報法制学会","哲学"
"人体科学会","哲学"
"鈴屋学会","哲学"
"政策情報学会","哲学"
"総合人間学会","哲学"
"体育史学会","哲学"
"台湾史研究会","哲学"
"大学評価学会","哲学"
"地域デザイン学会","哲学"
"智山勧学会","哲学"
"中國出土資料學會","哲学"
"中国文化学会","哲学"
"中国文史哲研究会","哲学"
"中世哲学会","哲学"
"朝鮮学会","哲学"
"哲学会","哲学"
"東海印度学仏教学会","哲学"
"東北芸術文化学会","哲学"
"東北哲学会","哲学"
"東洋音楽学会","哲学"
"西田哲学会","哲学"
"西日本哲学会","哲学"
"日本音楽学会","哲学"
"日本中国学会","哲学"
"日本道教学会","哲学"
"日本ヤスパース協会","哲学"
"日本「アジア英語」学会","哲学"
"日本アニメーション学会","哲学"
"日本医学哲学・倫理学会","哲学"
"日本イギリス哲学会","哲学"
"日本イスパニヤ学会","哲学"
"日本移民学会","哲学"
"日本印度学仏教学会","哲学"
"日本ウォーキング学会","哲学"
"日本映画学会","哲学"
"日本映像学会","哲学"
"日本NPO学会","哲学"
"日本応用老年学会","哲学"
"日本音楽表現学会","哲学"
"日本科学者会議","哲学"
"日本科学哲学会","哲学"
"日本家庭教育学会","哲学"
"日本カント協会","哲学"
"日本外国語教育推進機構","哲学"
"日本学校図書館学会","哲学"
"日本記号学会","哲学"
"日本基礎造形学会","哲学"
"日本協同組合学会","哲学"
"日本基督教学会","哲学"
"日本キリスト教教育学会","哲学"
"日本経営倫理学会","哲学"
"日本景観学会","哲学"
"日本経済学会連合","哲学"
"日本経済思想史学会","哲学"
"日本現象学会","哲学"
"日本現代中国学会","哲学"
"日本国際教養学会","哲学"
"日本国際情報学会","哲学"
"日本国際文化学会","哲学"
"日本子ども健康科学会（子どもの心･体と環境を考える会）","哲学"
"日本コミュニケーション学会","哲学"
"日本ゴルフ学会","哲学"
"日本山岳修験学会","哲学"
"日本シェリング協会","哲学"
"日本思想史学会","哲学"
"日本湿地学会","哲学"
"日本宗教学会","哲学"
"日本ショーペンハウアー協会","哲学"
"日本ジェンダー学会","哲学"
"日本時間学会","哲学"
"日本18世紀学会","哲学"
"日本スポーツ社会学会","哲学"
"日本スポーツとジェンダー学会","哲学"
"日本生活指導学会","哲学"
"日本声楽発声学会","哲学"
"日本精神病理学会","哲学"
"日本生態心理学会","哲学"
"日本生命倫理学会","哲学"
"日本創造学会","哲学"
"日本体育・スポーツ哲学会","哲学"
"日本チベット学会","哲学"
"日本哲学会","哲学"
"日本デューイ学会","哲学"
"日本人間関係学会","哲学"
"日本人間学会","哲学"
"日本認知科学会","哲学"
"日本バスケットボール学会","哲学"
"日本比較文化学会","哲学"
"日本美術教育学会","哲学"
"日本ピューリタニズム学会","哲学"
"日本フィヒテ協会","哲学"
"日本福祉心理学会","哲学"
"日本佛教学会","哲学"
"日本仏教教育学会","哲学"
"日本武道学会","哲学"
"日本ブリーフサイコセラピー学会","哲学"
"日本ヘルスプロモーション学会","哲学"
"日本ヘーゲル学会","哲学"
"日本ベジタリアン学会","哲学"
"日本ホワイトヘッド・プロセス学会","哲学"
"日本ポピュラー音楽学会","哲学"
"日本マクロエンジニアリング学会","哲学"
"日本マンガ学会","哲学"
"日本密教学会","哲学"
"日本臨床死生学会","哲学"
"日本倫理学会","哲学"
"日本ヴィクトリア朝文化研究学会","哲学"
"人間の安全保障学会","哲学"
"ハイデガー・フォーラム","哲学"
"パーリ学仏教文化学会","哲学"
"比較家族史学会","哲学"
"比較思想学会","哲学"
"比較文明学会","哲学"
"東アジア学会","哲学"
"ヒトと動物の関係学会","哲学"
"表象文化論学会","哲学"
"広島芸術学会","哲学"
"広島哲学会","哲学"
"美学会","哲学"
"服飾美学会","哲学"
"フランス教育学会","哲学"
"仏教思想学会","哲学"
"佛教文化学会","哲学"
"舞踊学会","哲学"
"文理シナジー学会","哲学"
"北海道体育学会","哲学"
"マルクス・エンゲルス研究者の会","哲学"
"密教研究会","哲学"
"民族藝術学会","哲学"
"メルロ＝ポンティ・サークル","哲学"
"唯物論研究協会","哲学"
"六朝学術学会","哲学"
"早稲田大学東洋哲学会","哲学"
"アジア教育学会","心理学・教育学"
"アジア教育史学会","心理学・教育学"
"アジア文化造形学会","心理学・教育学"
"アメリカ学会","心理学・教育学"
"アメリカ教育学会","心理学・教育学"
"生き物文化誌学会","心理学・教育学"
"イタリア学会","心理学・教育学"
"異文化間教育学会","心理学・教育学"
"異文化コミュニケーション学会","心理学・教育学"
"移民政策学会","心理学・教育学"
"印度学宗教学会","心理学・教育学"
"英米文化学会","心理学・教育学"
"大阪体育学会","心理学・教育学"
"音楽学習学会","心理学・教育学"
"音楽教育史学会","心理学・教育学"
"カルチュラル・スタディーズ学会","心理学・教育学"
"環境芸術学会","心理学・教育学"
"環境福祉学会","心理学・教育学"
"関係性の教育学会","心理学・教育学"
"関西教育学会","心理学・教育学"
"関東教育学会","心理学・教育学"
"関東甲信越英語教育学会","心理学・教育学"
"教育史学会","心理学・教育学"
"教育システム情報学会","心理学・教育学"
"教育思想史学会","心理学・教育学"
"教育哲学会","心理学・教育学"
"教育目標・評価学会","心理学・教育学"
"共生社会システム学会","心理学・教育学"
"京都滋賀体育学会","心理学・教育学"
"経済教育学会","心理学・教育学"
"言語科学会","心理学・教育学"
"言語文化学会","心理学・教育学"
"言語文化教育研究学会","心理学・教育学"
"現代韓国朝鮮学会","心理学・教育学"
"交通史学会","心理学・教育学"
"行動経済学会","心理学・教育学"
"国際アジア共同体学会","心理学・教育学"
"国際ジェンダー学会","心理学・教育学"
"国際ビジネスコミュニケーション学会","心理学・教育学"
"国際服飾学会","心理学・教育学"
"国際ボランティア学会","心理学・教育学"
"国際幼児教育学会","心理学・教育学"
"こども環境学会","心理学・教育学"
"子どもと自然学会","心理学・教育学"
"産業・組織心理学会","心理学・教育学"
"サービス学会","心理学・教育学"
"しごと能力研究学会","心理学・教育学"
"社会系教科教育学会","心理学・教育学"
"社会情報学会","心理学・教育学"
"社会文化学会","心理学・教育学"
"小学校英語教育学会","心理学・教育学"
"新日本医師協会","心理学・教育学"
"心理科学研究会","心理学・教育学"
"CIEC（コンピュータ利用教育学会）","心理学・教育学"
"実践教育訓練学会","心理学・教育学"
"情報コミュニケーション学会","心理学・教育学"
"情報システム学会","心理学・教育学"
"人材育成学会","心理学・教育学"
"人体科学会","心理学・教育学"
"人類働態学会","心理学・教育学"
"数学教育学会","心理学・教育学"
"鈴屋学会","心理学・教育学"
"政策情報学会","心理学・教育学"
"生存科学研究所","心理学・教育学"
"全国英語教育学会","心理学・教育学"
"全国社会科教育学会","心理学・教育学"
"全国数学教育学会","心理学・教育学"
"全国大学音楽教育学会","心理学・教育学"
"全国大学国語教育学会","心理学・教育学"
"全国大学書写書道教育学会","心理学・教育学"
"全国地方教育史学会","心理学・教育学"
"全日本博物館学会","心理学・教育学"
"総合人間学会","心理学・教育学"
"組織学会","心理学・教育学"
"体育史学会","心理学・教育学"
"台湾史研究会","心理学・教育学"
"多文化関係学会","心理学・教育学"
"大学教育学会","心理学・教育学"
"大学評価学会","心理学・教育学"
"大学美術教育学会","心理学・教育学"
"中国語教育学会","心理学・教育学"
"中国四国教育学会","心理学・教育学"
"中国文化学会","心理学・教育学"
"中部教育学会","心理学・教育学"
"朝鮮語教育学会","心理学・教育学"
"東海学校保健学会","心理学・教育学"
"東南アジア学会","心理学・教育学"
"日英教育学会","心理学・教育学"
"日仏教育学会","心理学・教育学"
"日中対照言語学会","心理学・教育学"
"日本音楽学会","心理学・教育学"
"日本教材学会","心理学・教育学"
"日本地図学会","心理学・教育学"
"日本地理教育学会","心理学・教育学"
"日本幼少児健康教育学会","心理学・教育学"
"日本「アジア英語」学会","心理学・教育学"
"日本味と匂学会","心理学・教育学"
"日本アニメーション学会","心理学・教育学"
"日本安全教育学会","心理学・教育学"
"日本育療学会","心理学・教育学"
"日本移民学会","心理学・教育学"
"日本イメージ心理学会","心理学・教育学"
"日本インターンシップ学会","心理学・教育学"
"日本インテリア学会","心理学・教育学"
"日本EMDR学会","心理学・教育学"
"日本宇宙航空環境医学会","心理学・教育学"
"日本映画学会","心理学・教育学"
"日本英語学会","心理学・教育学"
"日本英語教育史学会","心理学・教育学"
"日本映像学会","心理学・教育学"
"日本NIE学会","心理学・教育学"
"日本NPO学会","心理学・教育学"
"日本LD学会","心理学・教育学"
"日本応用教育心理学会","心理学・教育学"
"日本応用心理学会","心理学・教育学"
"日本応用老年学会","心理学・教育学"
"日本オルフ音楽教育研究会","心理学・教育学"
"日本音楽教育学会","心理学・教育学"
"日本音楽知覚認知学会","心理学・教育学"
"日本音楽表現学会","心理学・教育学"
"日本音楽療法学会","心理学・教育学"
"日本音声学会","心理学・教育学"
"日本オーラル・ヒストリー学会","心理学・教育学"
"日本海洋人間学会","心理学・教育学"
"日本カウンセリング学会","心理学・教育学"
"日本科学教育学会","心理学・教育学"
"日本科学者会議","心理学・教育学"
"日本家政学会","心理学・教育学"
"日本家族心理学会","心理学・教育学"
"日本家族療法学会","心理学・教育学"
"日本家庭科教育学会","心理学・教育学"
"日本家庭教育学会","心理学・教育学"
"日本カトリック教育学会","心理学・教育学"
"日本カリキュラム学会","心理学・教育学"
"日本環境学会","心理学・教育学"
"日本環境教育学会","心理学・教育学"
"日本観光学会","心理学・教育学"
"日本観光研究学会","心理学・教育学"
"日本観光ホスピタリティ教育学会","心理学・教育学"
"日本感情心理学会","心理学・教育学"
"日本官能評価学会","心理学・教育学"
"日本外国語教育推進機構","心理学・教育学"
"日本学習社会学会","心理学・教育学"
"日本学生相談学会","心理学・教育学"
"日本学童保育学会","心理学・教育学"
"日本学校音楽教育実践学会","心理学・教育学"
"日本学校カウンセリング学会","心理学・教育学"
"日本学校救急看護学会","心理学・教育学"
"日本学校教育学会","心理学・教育学"
"日本学校教育相談学会","心理学・教育学"
"日本学校健康相談学会","心理学・教育学"
"日本学校心理学会","心理学・教育学"
"日本学校図書館学会","心理学・教育学"
"日本学校保健学会","心理学・教育学"
"日本学校メンタルヘルス学会","心理学・教育学"
"日本記号学会","心理学・教育学"
"日本基礎心理学会","心理学・教育学"
"日本基礎造形学会","心理学・教育学"
"日本キャリア教育学会","心理学・教育学"
"日本キャリアデザイン学会","心理学・教育学"
"日本教育学会","心理学・教育学"
"日本教育行政学会","心理学・教育学"
"日本教育経営学会","心理学・教育学"
"日本教育工学会","心理学・教育学"
"日本教育社会学会","心理学・教育学"
"日本教育心理学会","心理学・教育学"
"日本教育実践学会","心理学・教育学"
"日本教育情報学会","心理学・教育学"
"日本教育政策学会","心理学・教育学"
"日本教育制度学会","心理学・教育学"
"日本教育福祉学会","心理学・教育学"
"日本教育法学会","心理学・教育学"
"日本教育方法学会","心理学・教育学"
"日本教育メディア学会","心理学・教育学"
"日本教科教育学会","心理学・教育学"
"日本教科内容学会","心理学・教育学"
"日本教師学学会","心理学・教育学"
"日本教師教育学会","心理学・教育学"
"日本教授学習心理学会","心理学・教育学"
"日本協同教育学会","心理学・教育学"
"日本協同組合学会","心理学・教育学"
"日本キリスト教教育学会","心理学・教育学"
"日本技術史教育学会","心理学・教育学"
"日本グループ・ダイナミックス学会","心理学・教育学"
"日本グローバル教育学会","心理学・教育学"
"日本計算機統計学会","心理学・教育学"
"日本経済学会連合","心理学・教育学"
"日本化粧品技術者会","心理学・教育学"
"日本健康教育学会","心理学・教育学"
"日本健康心理学会","心理学・教育学"
"日本K-ABCアセスメント学会","心理学・教育学"
"日本芸術療法学会","心理学・教育学"
"日本言語テスト学会","心理学・教育学"
"日本現象学会","心理学・教育学"
"日本現代中国学会","心理学・教育学"
"日本航海学会","心理学・教育学"
"日本工学教育協会","心理学・教育学"
"日本広告学会","心理学・教育学"
"日本交渉学会","心理学・教育学"
"日本高専学会","心理学・教育学"
"日本交通心理学会","心理学・教育学"
"日本高等教育学会","心理学・教育学"
"日本行動科学学会","心理学・教育学"
"日本行動計量学会","心理学・教育学"
"日本行動分析学会","心理学・教育学"
"日本公民教育学会","心理学・教育学"
"日本交流分析学会","心理学・教育学"
"日本国語教育学会","心理学・教育学"
"日本国際観光学会","心理学・教育学"
"日本国際教育学会","心理学・教育学"
"日本国際教養学会","心理学・教育学"
"日本国際情報学会","心理学・教育学"
"日本国際文化学会","心理学・教育学"
"日本国際理解教育学会","心理学・教育学"
"日本子育て学会","心理学・教育学"
"日本子ども家庭福祉学会","心理学・教育学"
"日本子ども学会","心理学・教育学"
"日本子ども健康科学会（子どもの心･体と環境を考える会）","心理学・教育学"
"日本子ども社会学会","心理学・教育学"
"日本コミュニケーション学会","心理学・教育学"
"日本コミュニケーション障害学会","心理学・教育学"
"日本語教育学会","心理学・教育学"
"日本ゴルフ学会","心理学・教育学"
"日本催眠医学心理学会","心理学・教育学"
"日本催眠学会","心理学・教育学"
"日本産業衛生学会","心理学・教育学"
"日本産業カウンセリング学会","心理学・教育学"
"日本産業教育学会","心理学・教育学"
"日本産業技術教育学会","心理学・教育学"
"日本産業ストレス学会","心理学・教育学"
"日本サンゴ礁学会","心理学・教育学"
"日本視覚学会","心理学・教育学"
"日本思春期学会","心理学・教育学"
"日本自然災害学会","心理学・教育学"
"日本思想史学会","心理学・教育学"
"日本湿地学会","心理学・教育学"
"日本質的心理学会","心理学・教育学"
"日本社会科教育学会","心理学・教育学"
"日本社会教育学会","心理学・教育学"
"日本社会心理学会","心理学・教育学"
"日本社会薬学会","心理学・教育学"
"日本生涯教育学会","心理学・教育学"
"日本消費者教育学会","心理学・教育学"
"日本食育学会","心理学・教育学"
"日本心身医学会","心理学・教育学"
"日本心理学会","心理学・教育学"
"日本心理臨床学会","心理学・教育学"
"日本森林学会","心理学・教育学"
"日本ジェンダー学会","心理学・教育学"
"日本時間学会","心理学・教育学"
"日本時間生物学会","心理学・教育学"
"日本児童英語教育学会","心理学・教育学"
"日本児童学会","心理学・教育学"
"日本児童青年精神医学会","心理学・教育学"
"日本情報科教育学会","心理学・教育学"
"日本自律訓練学会","心理学・教育学"
"日本人権教育研究学会","心理学・教育学"
"日本睡眠学会","心理学・教育学"
"日本ストレス学会","心理学・教育学"
"日本ストレスマネジメント学会","心理学・教育学"
"日本スポーツ教育学会","心理学・教育学"
"日本スポーツ心理学会","心理学・教育学"
"日本スポーツとジェンダー学会","心理学・教育学"
"日本性科学会","心理学・教育学"
"日本生活科・総合的学習教育学会","心理学・教育学"
"日本生活指導学会","心理学・教育学"
"日本精神病理学会","心理学・教育学"
"日本生態心理学会","心理学・教育学"
"日本生徒指導学会","心理学・教育学"
"日本青年心理学会","心理学・教育学"
"日本生物教育学会","心理学・教育学"
"日本生命倫理学会","心理学・教育学"
"日本生理心理学会","心理学・教育学"
"日本世代間交流学会","心理学・教育学"
"日本繊維製品消費科学会","心理学・教育学"
"日本選択理論心理学会","心理学・教育学"
"日本総合学術学会","心理学・教育学"
"日本創造学会","心理学・教育学"
"日本体育科教育学会","心理学・教育学"
"日本体育・スポーツ哲学会","心理学・教育学"
"日本ダルクローズ音楽教育学会","心理学・教育学"
"日本地学教育学会","心理学・教育学"
"日本地方自治学会","心理学・教育学"
"日本調理科学会","心理学・教育学"
"日本テニス学会","心理学・教育学"
"日本天文教育普及研究会","心理学・教育学"
"日本デューイ学会","心理学・教育学"
"日本電話相談学会","心理学・教育学"
"日本特殊教育学会","心理学・教育学"
"日本特別活動学会","心理学・教育学"
"日本特別ニーズ教育学会","心理学・教育学"
"日本トラウマティック・ストレス学会","心理学・教育学"
"日本トランスパーソナル心理学/精神医学会","心理学・教育学"
"日本道徳教育学会","心理学・教育学"
"日本道徳教育方法学会","心理学・教育学"
"日本動物心理学会","心理学・教育学"
"日本読書学会","心理学・教育学"
"日本内観学会","心理学・教育学"
"日本乳幼児教育学会","心理学・教育学"
"日本人間関係学会","心理学・教育学"
"日本人間性心理学会","心理学・教育学"
"日本認知科学会","心理学・教育学"
"日本認知心理学会","心理学・教育学"
"日本認知療法・認知行動療法学会","心理学・教育学"
"日本認知・行動療法学会","心理学・教育学"
"日本農業教育学会","心理学・教育学"
"日本箱庭療法学会","心理学・教育学"
"日本発達障害学会","心理学・教育学"
"日本発達障害支援システム学会","心理学・教育学"
"日本発達心理学会","心理学・教育学"
"日本犯罪心理学会","心理学・教育学"
"日本バイオフィードバック学会","心理学・教育学"
"日本バスケットボール学会","心理学・教育学"
"日本パーソナリティ心理学会","心理学・教育学"
"日本比較教育学会","心理学・教育学"
"日本比較文化学会","心理学・教育学"
"日本ヒューマン・ケア心理学会","心理学・教育学"
"日本ヒューマンケア・ネットワーク学会","心理学・教育学"
"日本美術教育学会","心理学・教育学"
"日本描画テスト・描画療法学会","心理学・教育学"
"日本ピアノ教育連盟","心理学・教育学"
"日本ファーマシューティカルコミュニケーション学会","心理学・教育学"
"日本福祉教育・ボランティア学習学会","心理学・教育学"
"日本福祉心理学会","心理学・教育学"
"日本福祉のまちづくり学会","心理学・教育学"
"日本佛教学会","心理学・教育学"
"日本仏教教育学会","心理学・教育学"
"日本物理教育学会","心理学・教育学"
"日本武道学会","心理学・教育学"
"日本ブリーフサイコセラピー学会","心理学・教育学"
"日本ブリーフセラピー協会","心理学・教育学"
"日本文学協会","心理学・教育学"
"日本分類学会","心理学・教育学"
"日本ヘルスプロモーション学会","心理学・教育学"
"日本ベジタリアン学会","心理学・教育学"
"日本ペスタロッチー・フレーベル学会","心理学・教育学"
"日本保育学会","心理学・教育学"
"日本保育協会","心理学・教育学"
"日本法科学技術学会","心理学・教育学"
"日本放射線安全管理学会","心理学・教育学"
"日本保健福祉学会","心理学・教育学"
"日本マイクロカウンセリング学会","心理学・教育学"
"日本マクロエンジニアリング学会","心理学・教育学"
"日本マレーシア学会","心理学・教育学"
"日本マンガ学会","心理学・教育学"
"日本未病学会","心理学・教育学"
"日本ミュージアム・マネージメント学会","心理学・教育学"
"日本民俗音楽学会","心理学・教育学"
"日本モンテッソーリ協会（学会）","心理学・教育学"
"日本野外教育学会","心理学・教育学"
"日本遊戯療法学会","心理学・教育学"
"日本ユング心理学会","心理学・教育学"
"日本養護教諭教育学会","心理学・教育学"
"日本理科教育学会","心理学・教育学"
"日本陸上競技学会","心理学・教育学"
"日本リハビリテイション心理学会","心理学・教育学"
"日本リハビリテーション連携科学学会","心理学・教育学"
"日本リメディアル教育学会","心理学・教育学"
"日本臨床教育学会","心理学・教育学"
"日本臨床催眠学会","心理学・教育学"
"日本臨床心理身体運動学会","心理学・教育学"
"日本臨床動作学会","心理学・教育学"
"日本老年行動科学会","心理学・教育学"
"日本老年社会科学会","心理学・教育学"
"日本労務学会","心理学・教育学"
"日本ロールシャッハ学会","心理学・教育学"
"日本ヴィクトリア朝文化研究学会","心理学・教育学"
"ニュージーランド学会","心理学・教育学"
"人間福祉学会","心理学・教育学"
"人間・環境学会","心理学・教育学"
"認知神経科学会","心理学・教育学"
"バイオメディカル・ファジィ・システム学会","心理学・教育学"
"比較家族史学会","心理学・教育学"
"比較舞踊学会","心理学・教育学"
"比較文明学会","心理学・教育学"
"東アジア学会","心理学・教育学"
"ヒトと動物の関係学会","心理学・教育学"
"広島芸術学会","心理学・教育学"
"美術科教育学会","心理学・教育学"
"フランス教育学会","心理学・教育学"
"舞踊学会","心理学・教育学"
"包括システムによる日本ロールシャッハ学会","心理学・教育学"
"法と心理学会","心理学・教育学"
"北陸心理学会","心理学・教育学"
"北海道心理学会","心理学・教育学"
"北海道体育学会","心理学・教育学"
"マルクス・エンゲルス研究者の会","心理学・教育学"
"メンタルケア学術学会","心理学・教育学"
"安田女子大学児童教育学会","心理学・教育学"
"唯物論研究協会","心理学・教育学"
"幼児教育史学会","心理学・教育学"
"留学生教育学会","心理学・教育学"
"林業経済学会","心理学・教育学"
"臨床教科教育学会","心理学・教育学"
"歴史教育者協議会","心理学・教育学"
"和文化教育学会","心理学・教育学"
"アジア教育学会","社会学"
"アジア文化造形学会","社会学"
"アメリカ学会","社会学"
"生き物文化誌学会","社会学"
"イタリア学会","社会学"
"異文化間教育学会","社会学"
"移民政策学会","社会学"
"印度学宗教学会","社会学"
"エネルギー・資源学会","社会学"
"横断型基幹科学技術研究団体連合","社会学"
"音楽教育史学会","社会学"
"科学技術社会論学会","社会学"
"科学社会学会","社会学"
"家族問題研究学会","社会学"
"カルチュラル・スタディーズ学会","社会学"
"環境技術学会","社会学"
"環境経営学会","社会学"
"環境社会学会","社会学"
"環境福祉学会","社会学"
"関係性の教育学会","社会学"
"観光学術学会","社会学"
"関西社会学会","社会学"
"関東社会学会","社会学"
"共生社会システム学会","社会学"
"京都滋賀体育学会","社会学"
"経済社会学会","社会学"
"言語文化学会","社会学"
"言語文化教育研究学会","社会学"
"現代韓国朝鮮学会","社会学"
"交通権学会","社会学"
"交通史学会","社会学"
"国際アジア共同体学会","社会学"
"国際ジェンダー学会","社会学"
"国際女性スポーツ学会","社会学"
"国際服飾学会","社会学"
"国際文化表現学会","社会学"
"国際ボランティア学会","社会学"
"国際幼児教育学会","社会学"
"黒人研究学会","社会学"
"こども環境学会","社会学"
"駒沢宗教学研究会","社会学"
"コミュニティ政策学会","社会学"
"コンテンツツーリズム学会","社会学"
"産学連携学会","社会学"
"サービス学会","社会学"
"しごと能力研究学会","社会学"
"資産評価政策学会","社会学"
"社会環境学会","社会学"
"社会学系コンソーシアム","社会学"
"社会系教科教育学会","社会学"
"社会・経済システム学会","社会学"
"社会思想史学会","社会学"
"社会事業史学会","社会学"
"社会情報学会","社会学"
"社会政策学会","社会学"
"社会文化学会","社会学"
"社叢学会","社会学"
"「宗教と社会」学会","社会学"
"神道宗教學會","社会学"
"自治体学会","社会学"
"情報コミュニケーション学会","社会学"
"情報社会学会","社会学"
"情報通信学会","社会学"
"情報ネットワーク法学会","社会学"
"人類学関連学会協議会","社会学"
"数理社会学会","社会学"
"政策情報学会","社会学"
"生存科学研究所","社会学"
"戦略研究学会","社会学"
"税務会計研究学会","社会学"
"全国公衆衛生関連学協会連絡協議会","社会学"
"全日本博物館学会","社会学"
"総合観光学会","社会学"
"総合人間学会","社会学"
"組織学会","社会学"
"体育史学会","社会学"
"台湾史研究会","社会学"
"多文化関係学会","社会学"
"大学評価学会","社会学"
"地域漁業学会","社会学"
"地域社会学会","社会学"
"茶屋四郎次郎記念学術学会","社会学"
"中国文化学会","社会学"
"朝鮮学会","社会学"
"東欧史研究会","社会学"
"東海社会学会","社会学"
"東南アジア学会","社会学"
"東北経済学会","社会学"
"東北社会学研究会","社会学"
"東北社会学会","社会学"
"東北地理学会","社会学"
"西日本社会学会","社会学"
"日仏社会学会","社会学"
"日中社会学会","社会学"
"日本音楽学会","社会学"
"日本地図学会","社会学"
"日本幼少児健康教育学会","社会学"
"日本「アジア英語」学会","社会学"
"日本アニメーション学会","社会学"
"日本医学会","社会学"
"日本医学哲学・倫理学会","社会学"
"日本移民学会","社会学"
"日本医療福祉政策学会","社会学"
"日本インテリア学会","社会学"
"日本EU学会","社会学"
"日本ウォーキング学会","社会学"
"日本映画学会","社会学"
"日本英語学会","社会学"
"日本エイズ学会","社会学"
"日本映像学会","社会学"
"日本疫学会","社会学"
"日本NPO学会","社会学"
"日本沿岸域学会","社会学"
"日本応用老年学会","社会学"
"日本音楽表現学会","社会学"
"日本音声学会","社会学"
"日本オーラル・ヒストリー学会","社会学"
"日本介護福祉学会","社会学"
"日本解放社会学会","社会学"
"日本科学者会議","社会学"
"日本家政学会","社会学"
"日本家族社会学会","社会学"
"日本家族療法学会","社会学"
"日本家庭教育学会","社会学"
"日本環境学会","社会学"
"日本観光学会","社会学"
"日本観光研究学会","社会学"
"日本観光ホスピタリティ教育学会","社会学"
"日本感性福祉学会","社会学"
"日本外国語教育推進機構","社会学"
"日本学童保育学会","社会学"
"日本学校ソーシャルワーク学会","社会学"
"日本危機管理学会","社会学"
"日本記号学会","社会学"
"日本キャリアデザイン学会","社会学"
"日本教育政策学会","社会学"
"日本教育福祉学会","社会学"
"日本協同組合学会","社会学"
"日本キリスト教教育学会","社会学"
"日本経済学会連合","社会学"
"日本言語政策学会","社会学"
"日本現象学会","社会学"
"日本現代中国学会","社会学"
"日本航海学会","社会学"
"日本広告学会","社会学"
"日本交渉学会","社会学"
"日本広報学会","社会学"
"日本高齢者虐待防止学会","社会学"
"日本港湾経済学会","社会学"
"日本国際観光学会","社会学"
"日本国際教養学会","社会学"
"日本国際情報学会","社会学"
"日本国際地域開発学会","社会学"
"日本国際文化学会","社会学"
"日本子育て学会","社会学"
"日本子ども学会","社会学"
"日本子ども健康科学会（子どもの心･体と環境を考える会）","社会学"
"日本子ども社会学会","社会学"
"日本コミュニケーション学会","社会学"
"日本ゴルフ学会","社会学"
"日本災害復興学会","社会学"
"日本山岳修験学会","社会学"
"日本山岳文化学会","社会学"
"日本産業衛生学会","社会学"
"日本産業教育学会","社会学"
"日本サンゴ礁学会","社会学"
"日本在宅ケア学会","社会学"
"日本歯科医療管理学会","社会学"
"日本思春期学会","社会学"
"日本自然災害学会","社会学"
"日本思想史学会","社会学"
"日本湿地学会","社会学"
"日本社会学史学会","社会学"
"日本社会学理論学会","社会学"
"日本社会学会","社会学"
"日本社会病理学会","社会学"
"日本社会福祉学会","社会学"
"日本社会分析学会","社会学"
"日本社会薬学会","社会学"
"日本出版学会","社会学"
"日本生涯スポーツ学会","社会学"
"日本職業リハビリテーション学会","社会学"
"日本ジェンダー学会","社会学"
"日本時間学会","社会学"
"日本情報ディレクトリ学会","社会学"
"日本女性学会","社会学"
"日本人権教育研究学会","社会学"
"日本人口学会","社会学"
"日本睡眠学会","社会学"
"日本ストレス学会","社会学"
"日本スポーツ産業学会","社会学"
"日本スポーツ社会学会","社会学"
"日本スポーツとジェンダー学会","社会学"
"日本性科学会","社会学"
"日本生活学会","社会学"
"日本生活文化史学会","社会学"
"日本精神保健社会学会","社会学"
"日本精神保健福祉学会","社会学"
"日本生命倫理学会","社会学"
"日本世代間交流学会","社会学"
"日本繊維製品消費科学会","社会学"
"日本総合学術学会","社会学"
"日本創造学会","社会学"
"日本村落研究学会","社会学"
"日本ソーシャルワーク学会","社会学"
"日本大学社会学会","社会学"
"日本地域学会","社会学"
"日本知財学会","社会学"
"日本チベット学会","社会学"
"日本地方自治学会","社会学"
"日本中小企業学会","社会学"
"日本テニス学会","社会学"
"日本展示学会","社会学"
"日本都市学会","社会学"
"日本都市社会学会","社会学"
"日本難病看護学会","社会学"
"日本人間関係学会","社会学"
"日本認知科学会","社会学"
"日本年金学会","社会学"
"日本農業経済学会","社会学"
"日本農業法学会","社会学"
"日本農村生活学会","社会学"
"日本犯罪学会","社会学"
"日本犯罪社会学会","社会学"
"日本犯罪心理学会","社会学"
"日本バスケットボール学会","社会学"
"日本比較文化学会","社会学"
"日本評価学会","社会学"
"日本品質管理学会","社会学"
"日本ファーマシューティカルコミュニケーション学会","社会学"
"日本福祉教育・ボランティア学習学会","社会学"
"日本福祉心理学会","社会学"
"日本福祉のまちづくり学会","社会学"
"日本福祉文化学会","社会学"
"日本フードサービス学会","社会学"
"日本仏教社会福祉学会","社会学"
"日本武道学会","社会学"
"日本ブリーフサイコセラピー学会","社会学"
"日本分類学会","社会学"
"日本ヘルスプロモーション学会","社会学"
"日本ベジタリアン学会","社会学"
"日本法科学技術学会","社会学"
"日本保健医療社会学会","社会学"
"日本保健医療社会福祉学会","社会学"
"日本保健福祉学会","社会学"
"日本保健物理学会","社会学"
"日本防衛学会","社会学"
"日本マクロエンジニアリング学会","社会学"
"日本マス・コミュニケーション学会","社会学"
"日本マレーシア学会","社会学"
"日本マンガ学会","社会学"
"日本民俗音楽学会","社会学"
"日本野外教育学会","社会学"
"日本有機農業学会","社会学"
"日本雪工学会","社会学"
"日本臨床死生学会","社会学"
"日本労働社会学会","社会学"
"日本老年行動科学会","社会学"
"日本老年社会科学会","社会学"
"日本労務学会","社会学"
"日本ヴィクトリア朝文化研究学会","社会学"
"人間福祉学会","社会学"
"比較家族史学会","社会学"
"比較文明学会","社会学"
"東アジア学会","社会学"
"ヒトと動物の関係学会","社会学"
"広島芸術学会","社会学"
"貧困研究会","社会学"
"ファッションビジネス学会","社会学"
"福祉社会学会","社会学"
"富士学会","社会学"
"フランス教育学会","社会学"
"舞踊学会","社会学"
"部落問題研究所","社会学"
"北海道社会学会","社会学"
"北海道体育学会","社会学"
"北海道都市地域学会","社会学"
"北海道農業経済学会","社会学"
"マルクス・エンゲルス研究者の会","社会学"
"水資源・環境学会","社会学"
"「野生生物と社会」学会","社会学"
"唯物論研究協会","社会学"
"余暇ツーリズム学会","社会学"
"林業経済学会","社会学"
"早稲田文化人類学会","社会学"
"アジア教育学会","史学"
"アジア教育史学会","史学"
"アジア鋳造技術史学会","史学"
"アジア文化造形学会","史学"
"アメリカ学会","史学"
"生き物文化誌学会","史学"
"意匠学会","史学"
"イタリア学会","史学"
"インド思想史学会","史学"
"大阪歴史科学協議会","史学"
"大阪歴史学会","史学"
"音楽教育史学会","史学"
"化学史学会","史学"
"鎌倉遺文研究会","史学"
"カルチュラル・スタディーズ学会","史学"
"関東近世史研究会","史学"
"九州史学研究会","史学"
"教育史学会","史学"
"京都滋賀体育学会","史学"
"キリスト教史学会","史学"
"軍事史学会","史学"
"藝能史研究會","史学"
"芸備地方史研究会","史学"
"言語文化学会","史学"
"現代韓国朝鮮学会","史学"
"考古学研究会","史学"
"交通史学会","史学"
"国際アジア共同体学会","史学"
"国際ジェンダー学会","史学"
"国際服飾学会","史学"
"国際文化表現学会","史学"
"国際幼児教育学会","史学"
"黒人研究学会","史学"
"古代アメリカ学会","史学"
"駒沢史学会","史学"
"駒沢宗教学研究会","史学"
"産業考古学会","史学"
"史学会","史学"
"史学研究会","史学"
"信濃史学会","史学"
"社会系教科教育学会","史学"
"社会事業史学会","史学"
"社会政策学会","史学"
"社会文化学会","史学"
"社会文化史学会","史学"
"社叢学会","史学"
"書学書道史学会","史学"
"神道史學會","史学"
"神道宗教學會","史学"
"ジェンダー史学会","史学"
"15年戦争と日本の医学医療研究会","史学"
"人類働態学会","史学"
"鈴屋学会","史学"
"スポーツ史学会","史学"
"駿台史学会","史学"
"政策情報学会","史学"
"西洋史研究会","史学"
"説話・伝承学会","史学"
"戦国史研究会","史学"
"戦略研究学会","史学"
"全日本博物館学会","史学"
"総合女性史学会","史学"
"総合人間学会","史学"
"組織学会","史学"
"体育史学会","史学"
"台湾史研究会","史学"
"たたら研究会","史学"
"智山勧学会","史学"
"千葉歴史学会","史学"
"地方史研究協議会","史学"
"茶の湯文化学会","史学"
"中央史学会","史学"
"中國出土資料學會","史学"
"中国文化学会","史学"
"中国文史哲研究会","史学"
"中世史研究会","史学"
"朝鮮学会","史学"
"朝鮮史研究会","史学"
"東欧史研究会","史学"
"東海印度学仏教学会","史学"
"東京歴史科学研究会","史学"
"東南アジア学会","史学"
"東南アジア考古学会","史学"
"東方学会","史学"
"東北経済学会","史学"
"東北史学会","史学"
"東洋音楽学会","史学"
"東洋学・アジア研究連絡協議会","史学"
"東洋史研究会","史学"
"東洋陶磁学会","史学"
"利根川文化研究会","史学"
"富山考古学会","史学"
"同時代史学会","史学"
"内陸アジア史学会","史学"
"日本音楽学会","史学"
"日本地図学会","史学"
"日本農業史学会","史学"
"日本「アジア英語」学会","史学"
"日本アニメーション学会","史学"
"日本アメリカ史学会","史学"
"日本アーカイブズ学会","史学"
"日本イェイツ協会","史学"
"日本医学哲学・倫理学会","史学"
"日本イギリス哲学会","史学"
"日本医史学会","史学"
"日本イスパニヤ学会","史学"
"日本移民学会","史学"
"日本EU学会","史学"
"日本映画学会","史学"
"日本英学史学会","史学"
"日本英語教育史学会","史学"
"日本映像学会","史学"
"日本NPO学会","史学"
"日本沿岸域学会","史学"
"日本音楽表現学会","史学"
"日本オーラル・ヒストリー学会","史学"
"日本科学史学会","史学"
"日本科学者会議","史学"
"日本家政学会","史学"
"日本観光学会","史学"
"日本外国語教育推進機構","史学"
"日本危機管理学会","史学"
"日本教育政策学会","史学"
"日本キリスト教教育学会","史学"
"日本技術史教育学会","史学"
"日本経済学会連合","史学"
"日本経済思想史学会","史学"
"日本計量史学会","史学"
"日本現代中国学会","史学"
"日本考古学協会","史学"
"日本広告学会","史学"
"日本交渉学会","史学"
"日本港湾経済学会","史学"
"日本国際観光学会","史学"
"日本国際教養学会","史学"
"日本国際情報学会","史学"
"日本国際地域開発学会","史学"
"日本国際文化学会","史学"
"日本古文書学会","史学"
"日本ゴルフ学会","史学"
"日本山岳修験学会","史学"
"日本産業教育学会","史学"
"日本産業技術史学会","史学"
"日本サンゴ礁学会","史学"
"日本歯科医史学会","史学"
"日本史研究会","史学"
"日本史攷究会","史学"
"日本思想史学会","史学"
"日本植民地研究会","史学"
"日本秦漢史学会","史学"
"日本新約学会","史学"
"日本ジェンダー学会","史学"
"日本時間学会","史学"
"日本情報考古学会","史学"
"日本人権教育研究学会","史学"
"日本数学史学会","史学"
"日本スポーツとジェンダー学会","史学"
"日本生活学会","史学"
"日本生活文化史学会","史学"
"日本西洋史学会","史学"
"日本村落研究学会","史学"
"日本大学史学会","史学"
"日本チベット学会","史学"
"日本地方自治学会","史学"
"日本中国考古学会","史学"
"日本庭園学会","史学"
"日本テニス学会","史学"
"日本図書館文化史研究会","史学"
"日本西アジア考古学会","史学"
"日本農業経済学会","史学"
"日本農業法学会","史学"
"日本バスケットボール学会","史学"
"日本比較文化学会","史学"
"日本ピューリタニズム学会","史学"
"日本風俗史学会","史学"
"日本福祉心理学会","史学"
"日本福祉のまちづくり学会","史学"
"日本佛教学会","史学"
"日本武道学会","史学"
"日本文化財科学会","史学"
"日本ベジタリアン学会","史学"
"日本マクロエンジニアリング学会","史学"
"日本マレーシア学会","史学"
"日本マンガ学会","史学"
"日本民俗音楽学会","史学"
"日本民俗建築学会","史学"
"日本薬史学会","史学"
"日本有機農業学会","史学"
"日本歴史学協会","史学"
"日本ヴィクトリア朝文化研究学会","史学"
"能楽学会","史学"
"白山史学会","史学"
"比較家族史学会","史学"
"比較都市史研究会","史学"
"比較文明学会","史学"
"東アジア学会","史学"
"東アジア近代史学会","史学"
"ヒトと動物の関係学会","史学"
"広島芸術学会","史学"
"広島史学研究会","史学"
"美術史学会","史学"
"富士学会","史学"
"佛教文化学会","史学"
"舞踊学会","史学"
"文化財保存修復学会","史学"
"文化史学会","史学"
"法制史学会","史学"
"北海道体育学会","史学"
"北海道都市地域学会","史学"
"マルクス・エンゲルス研究者の会","史学"
"明治維新史学会","史学"
"明治美術学会","史学"
"幼児教育史学会","史学"
"六朝学術学会","史学"
"立教大学史学会","史学"
"立正大学史学会","史学"
"龍谷史学会","史学"
"林業経済学会","史学"
"歴史科学協議会","史学"
"歴史学研究会","史学"
"歴史学会","史学"
"歴史教育者協議会","史学"
"歴史地震研究会","史学"
"歴史人類学会","史学"
"ロシア史研究会","史学"
"早稲田文化人類学会","史学"
"アジア教育学会","地域研究"
"アジア教育史学会","地域研究"
"アジア系アメリカ文学研究会","地域研究"
"アジア政経学会","地域研究"
"アジア文化造形学会","地域研究"
"アメリカ学会","地域研究"
"アメリカ教育学会","地域研究"
"生き物文化誌学会","地域研究"
"意匠学会","地域研究"
"イタリア学会","地域研究"
"異文化間教育学会","地域研究"
"移民政策学会","地域研究"
"インド思想史学会","地域研究"
"英米文化学会","地域研究"
"横断型基幹科学技術研究団体連合","地域研究"
"応用地域学会","地域研究"
"音楽教育史学会","地域研究"
"オーストラリア学会","地域研究"
"カルチュラル・スタディーズ学会","地域研究"
"環境技術学会","地域研究"
"環境経営学会","地域研究"
"環境芸術学会","地域研究"
"環境社会学会","地域研究"
"環境福祉学会","地域研究"
"関係性の教育学会","地域研究"
"観光学術学会","地域研究"
"観光まちづくり学会","地域研究"
"関東都市学会","地域研究"
"北ヨーロッパ学会","地域研究"
"九州中国学会","地域研究"
"経済地理学会","地域研究"
"KJ法学会","地域研究"
"言語文化学会","地域研究"
"現代韓国朝鮮学会","地域研究"
"交通権学会","地域研究"
"交通史学会","地域研究"
"国際アジア共同体学会","地域研究"
"国際ジェンダー学会","地域研究"
"国際服飾学会","地域研究"
"国際文化表現学会","地域研究"
"国際ボランティア学会","地域研究"
"国際幼児教育学会","地域研究"
"黒人研究学会","地域研究"
"こども環境学会","地域研究"
"駒沢宗教学研究会","地域研究"
"コミュニティ政策学会","地域研究"
"コンテンツツーリズム学会","地域研究"
"産学連携学会","地域研究"
"産業考古学会","地域研究"
"サービス学会","地域研究"
"資産評価政策学会","地域研究"
"信濃史学会","地域研究"
"社会系教科教育学会","地域研究"
"社会事業史学会","地域研究"
"社会情報学会","地域研究"
"社会政策学会","地域研究"
"社会文化学会","地域研究"
"社叢学会","地域研究"
"自治体学会","地域研究"
"情報社会学会","地域研究"
"人文地理学会","地域研究"
"人類働態学会","地域研究"
"鈴屋学会","地域研究"
"政策情報学会","地域研究"
"戦略研究学会","地域研究"
"全国公衆衛生関連学協会連絡協議会","地域研究"
"全日本博物館学会","地域研究"
"総合人間学会","地域研究"
"体育史学会","地域研究"
"台湾史研究会","地域研究"
"たたら研究会","地域研究"
"棚田学会","地域研究"
"多文化関係学会","地域研究"
"地域安全学会","地域研究"
"地域漁業学会","地域研究"
"地域研究学会連絡協議会","地域研究"
"地域研究コンソーシアム","地域研究"
"地域地理科学会","地域研究"
"地域デザイン学会","地域研究"
"地域文化学会","地域研究"
"地中海学会","地域研究"
"中国経済経営学会","地域研究"
"中国社会文化学会","地域研究"
"中國出土資料學會","地域研究"
"中国文化学会","地域研究"
"中部農業経済学会","地域研究"
"朝鮮語教育学会","地域研究"
"朝鮮史研究会","地域研究"
"地理科学学会","地域研究"
"地理学連携機構","地域研究"
"地理教育研究会","地域研究"
"地理空間学会","地域研究"
"東欧史研究会","地域研究"
"島嶼コミュニティ学会","地域研究"
"東南アジア学会","地域研究"
"東南アジア考古学会","地域研究"
"東北経済学会","地域研究"
"東北地理学会","地域研究"
"東洋音楽学会","地域研究"
"都市環境デザイン会議","地域研究"
"日仏政治学会","地域研究"
"日本オリエント学会","地域研究"
"日本音楽学会","地域研究"
"日本生物工学会","地域研究"
"日本地図学会","地域研究"
"日本地理学会","地域研究"
"日本地理教育学会","地域研究"
"日本「アジア英語」学会","地域研究"
"日本アジア協会","地域研究"
"日本アフリカ学会","地域研究"
"日本イェイツ協会","地域研究"
"日本移民学会","地域研究"
"日本EU学会","地域研究"
"日本映画学会","地域研究"
"日本映像学会","地域研究"
"日本疫学会","地域研究"
"日本NPO学会","地域研究"
"日本沿岸域学会","地域研究"
"日本応用老年学会","地域研究"
"日本オセアニア学会","地域研究"
"日本音声学会","地域研究"
"日本オンブズマン学会","地域研究"
"日本オーラル・ヒストリー学会","地域研究"
"日本海岸林学会","地域研究"
"日本海洋政策学会","地域研究"
"日本海洋人間学会","地域研究"
"日本科学者会議","地域研究"
"日本家政学会","地域研究"
"日本家庭教育学会","地域研究"
"日本カナダ学会","地域研究"
"日本環境学会","地域研究"
"日本観光学会","地域研究"
"日本観光研究学会","地域研究"
"日本観光ホスピタリティ教育学会","地域研究"
"日本外国語教育推進機構","地域研究"
"日本危機管理学会","地域研究"
"日本教育政策学会","地域研究"
"日本協同組合学会","地域研究"
"日本ギャスケル協会","地域研究"
"日本景観学会","地域研究"
"日本経済学会連合","地域研究"
"日本健康教育学会","地域研究"
"日本言語政策学会","地域研究"
"日本現代中国学会","地域研究"
"日本交渉学会","地域研究"
"日本港湾経済学会","地域研究"
"日本国際観光学会","地域研究"
"日本国際情報学会","地域研究"
"日本国際地域開発学会","地域研究"
"日本国際文化学会","地域研究"
"日本子ども健康科学会（子どもの心･体と環境を考える会）","地域研究"
"日本災害復興学会","地域研究"
"日本山岳修験学会","地域研究"
"日本産業教育学会","地域研究"
"日本サンゴ礁学会","地域研究"
"日本自然災害学会","地域研究"
"日本思想史学会","地域研究"
"日本湿地学会","地域研究"
"日本社会薬学会","地域研究"
"日本森林学会","地域研究"
"日本ジェンダー学会","地域研究"
"日本人権教育研究学会","地域研究"
"日本スポーツ社会学会","地域研究"
"日本スポーツ人類学会","地域研究"
"日本生活学会","地域研究"
"日本生活文化史学会","地域研究"
"日本総合学術学会","地域研究"
"日本村落研究学会","地域研究"
"日本タイ学会","地域研究"
"日本台湾学会","地域研究"
"日本地域学会","地域研究"
"日本地域政策学会","地域研究"
"日本地域福祉学会","地域研究"
"日本地形学連合","地域研究"
"日本チベット学会","地域研究"
"日本地方自治学会","地域研究"
"日本地方政治学会・日本地域政治学会","地域研究"
"日本中小企業学会","地域研究"
"日本中東学会","地域研究"
"日本調理科学会","地域研究"
"日本島嶼学会","地域研究"
"日本都市学会","地域研究"
"日本独文学会","地域研究"
"日本ナイル・エチオピア学会","地域研究"
"日本人間関係学会","地域研究"
"日本熱帯生態学会","地域研究"
"日本農業経済学会","地域研究"
"日本農業法学会","地域研究"
"日本比較文化学会","地域研究"
"日本ヒューマンケア・ネットワーク学会","地域研究"
"日本福祉教育・ボランティア学習学会","地域研究"
"日本福祉心理学会","地域研究"
"日本福祉のまちづくり学会","地域研究"
"日本福祉文化学会","地域研究"
"日本文化財科学会","地域研究"
"日本文化人類学会","地域研究"
"日本分類学会","地域研究"
"日本ヘルスプロモーション学会","地域研究"
"日本ベジタリアン学会","地域研究"
"日本防衛学会","地域研究"
"日本マクロエンジニアリング学会","地域研究"
"日本マレーシア学会","地域研究"
"日本マンガ学会","地域研究"
"日本南アジア学会","地域研究"
"日本民具学会","地域研究"
"日本民俗音楽学会","地域研究"
"日本民俗学会","地域研究"
"日本民俗建築学会","地域研究"
"日本モンゴル学会","地域研究"
"日本有機農業学会","地域研究"
"日本雪工学会","地域研究"
"日本ラテンアメリカ学会","地域研究"
"日本リハビリテーション連携科学学会","地域研究"
"日本レジャー・レクリエーション学会","地域研究"
"日本ヴィクトリア朝文化研究学会","地域研究"
"ニュージーランド学会","地域研究"
"人間の安全保障学会","地域研究"
"農業問題研究学会","地域研究"
"農村建築研究会","地域研究"
"比較家族史学会","地域研究"
"比較経済体制学会","地域研究"
"比較文明学会","地域研究"
"東アジア学会","地域研究"
"東アジア近代史学会","地域研究"
"ヒトと動物の関係学会","地域研究"
"兵庫地理学協会","地域研究"
"漂着物学会","地域研究"
"広島芸術学会","地域研究"
"貧困研究会","地域研究"
"美術科教育学会","地域研究"
"富士学会","地域研究"
"佛教文化学会","地域研究"
"舞踊学会","地域研究"
"北東アジア学会","地域研究"
"北海道地理学会","地域研究"
"北海道都市地域学会","地域研究"
"北海道農業経済学会","地域研究"
"マルクス・エンゲルス研究者の会","地域研究"
"密教研究会","地域研究"
"民俗芸能学会","地域研究"
"木質炭化学会","地域研究"
"「野生生物と社会」学会","地域研究"
"唯物論研究協会","地域研究"
"ラテン・アメリカ政経学会","地域研究"
"立教大学史学会","地域研究"
"林業経済学会","地域研究"
"歴史地震研究会","地域研究"
"歴史人類学会","地域研究"
"歴史地理学会","地域研究"
"ロシア・東欧学会","地域研究"
"早稲田文化人類学会","地域研究"
"アジア教育学会","法学"
"アメリカ学会","法学"
"イタリア学会","法学"
"移民政策学会","法学"
"カルチュラル・スタディーズ学会","法学"
"環境法政策学会","法学"
"企業法学会","法学"
"九州法学会","法学"
"憲法学会","法学"
"憲法理論研究会","法学"
"現代韓国朝鮮学会","法学"
"交通権学会","法学"
"交通史学会","法学"
"国際アジア共同体学会","法学"
"国際開発学会","法学"
"国際私法学会","法学"
"国際ジェンダー学会","法学"
"国際法学会","法学"
"国際法協会日本支部","法学"
"コミュニティ政策学会","法学"
"資産評価政策学会","法学"
"社会系教科教育学会","法学"
"社会思想史学会","法学"
"社会政策学会","法学"
"社会文化学会","法学"
"宗教法学会","法学"
"ジェンダー法学会","法学"
"自治体学会","法学"
"情報通信学会","法学"
"情報ネットワーク法学会","法学"
"情報法制学会","法学"
"政策情報学会","法学"
"世界法学会","法学"
"戦略研究学会","法学"
"全国憲法研究会","法学"
"総合人間学会","法学"
"組織学会","法学"
"台湾史研究会","法学"
"大学評価学会","法学"
"東南アジア学会","法学"
"日本医学哲学・倫理学会","法学"
"日本イギリス哲学会","法学"
"日本医事法学会","法学"
"日本移民学会","法学"
"日本EU学会","法学"
"日本NPO学会","法学"
"日本沿岸域学会","法学"
"日本応用老年学会","法学"
"日本オンブズマン学会","法学"
"日本海洋政策学会","法学"
"日本科学者会議","法学"
"日本家族＜社会と法＞学会","法学"
"日本家庭教育学会","法学"
"日本環境学会","法学"
"日本観光学会","法学"
"日本危機管理学会","法学"
"日本教育政策学会","法学"
"日本教育法学会","法学"
"日本協同組合学会","法学"
"日本空法学会","法学"
"日本景観学会","法学"
"日本経済法学会","法学"
"日本刑法学会","法学"
"日本現代中国学会","法学"
"日本公共政策学会","法学"
"日本工業所有権法学会","法学"
"日本広告学会","法学"
"日本交渉学会","法学"
"日本交通学会","法学"
"日本交通法学会","法学"
"日本公法学会","法学"
"日本高齢者虐待防止学会","法学"
"日本国際教養学会","法学"
"日本国際経済法学会","法学"
"日本国際情報学会","法学"
"日本国際著作権法学会","法学"
"日本国際文化学会","法学"
"日本子ども健康科学会（子どもの心･体と環境を考える会）","法学"
"日本災害復興学会","法学"
"日本産業教育学会","法学"
"日本財政法学会","法学"
"日本思想史学会","法学"
"日本湿地学会","法学"
"日本私法学会","法学"
"日本社会保障法学会","法学"
"日本社会薬学会","法学"
"日本ジェンダー学会","法学"
"日本人権教育研究学会","法学"
"日本スポーツ法学会","法学"
"日本生活指導学会","法学"
"日本生命倫理学会","法学"
"日本税法学会","法学"
"日本租税理論学会","法学"
"日本地域学会","法学"
"日本知財学会","法学"
"日本地方自治学会","法学"
"日本地方政治学会・日本地域政治学会","法学"
"日本中小企業学会","法学"
"日本テニス学会","法学"
"日本人間関係学会","法学"
"日本農業法学会","法学"
"日本犯罪社会学会","法学"
"日本賠償科学会","法学"
"日本バスケットボール学会","法学"
"日本福祉心理学会","法学"
"日本福祉のまちづくり学会","法学"
"日本不動産学会","法学"
"日本法社会学会","法学"
"日本法政学会","法学"
"日本法哲学会","法学"
"日本保険学会","法学"
"日本防衛学会","法学"
"日本貿易学会","法学"
"日本マクロエンジニアリング学会","法学"
"日本マレーシア学会","法学"
"日本マンション学会","法学"
"日本民事訴訟法学会","法学"
"日本有機農業学会","法学"
"日本労働法学会","法学"
"ニュージーランド学会","法学"
"人間の安全保障学会","法学"
"比較家族史学会","法学"
"比較憲法学会","法学"
"比較文明学会","法学"
"比較法学会","法学"
"東アジア学会","法学"
"貧困研究会","法学"
"法制史学会","法学"
"法とコンピュータ学会","法学"
"法と心理学会","法学"
"法と精神医療学会","法学"
"法文化学会","法学"
"北海道都市地域学会","法学"
"防衛法学会","法学"
"マルクス・エンゲルス研究者の会","法学"
"水資源・環境学会","法学"
"民主主義科学者協会法律部会","法学"
"林業経済学会","法学"
"臨床法学教育学会","法学"
"アジア教育学会","政治学"
"アメリカ学会","政治学"
"生き物文化誌学会","政治学"
"イタリア学会","政治学"
"移民政策学会","政治学"
"カルチュラル・スタディーズ学会","政治学"
"九州法学会","政治学"
"現代韓国朝鮮学会","政治学"
"公共選択学会","政治学"
"交通権学会","政治学"
"交通史学会","政治学"
"行動経済学会","政治学"
"国際アジア共同体学会","政治学"
"国際安全保障学会","政治学"
"国際開発学会","政治学"
"国際ジェンダー学会","政治学"
"国際女性スポーツ学会","政治学"
"国際ボランティア学会","政治学"
"コミュニティ政策学会","政治学"
"資産評価政策学会","政治学"
"社会系教科教育学会","政治学"
"社会思想史学会","政治学"
"社会政策学会","政治学"
"社会文化学会","政治学"
"自治体学会","政治学"
"情報社会学会","政治学"
"情報通信学会","政治学"
"情報ネットワーク法学会","政治学"
"情報法制学会","政治学"
"政策情報学会","政治学"
"政治思想学会","政治学"
"戦略研究学会","政治学"
"総合人間学会","政治学"
"台湾史研究会","政治学"
"大学評価学会","政治学"
"東欧史研究会","政治学"
"東南アジア学会","政治学"
"日仏政治学会","政治学"
"日本イギリス哲学会","政治学"
"日本移民学会","政治学"
"日本医療福祉政策学会","政治学"
"日本EU学会","政治学"
"日本NPO学会","政治学"
"日本沿岸域学会","政治学"
"日本応用老年学会","政治学"
"日本オンブズマン学会","政治学"
"日本オーラル・ヒストリー学会","政治学"
"日本海洋政策学会","政治学"
"日本科学者会議","政治学"
"日本家庭教育学会","政治学"
"日本危機管理学会","政治学"
"日本危機管理防災学会","政治学"
"日本教育政策学会","政治学"
"日本協同組合学会","政治学"
"日本行政学会","政治学"
"日本経済学会連合","政治学"
"日本現象学会","政治学"
"日本現代中国学会","政治学"
"日本公共政策学会","政治学"
"日本広告学会","政治学"
"日本交渉学会","政治学"
"日本港湾経済学会","政治学"
"日本国際教養学会","政治学"
"日本国際情報学会","政治学"
"日本国際政治学会","政治学"
"日本国際地域開発学会","政治学"
"日本国際文化学会","政治学"
"日本子ども健康科学会（子どもの心･体と環境を考える会）","政治学"
"日本産業教育学会","政治学"
"日本思想史学会","政治学"
"日本ジェンダー学会","政治学"
"日本人権教育研究学会","政治学"
"日本スポーツ社会学会","政治学"
"日本政治学会","政治学"
"日本生命倫理学会","政治学"
"日本選挙学会","政治学"
"日本地域学会","政治学"
"日本地方自治学会","政治学"
"日本地方政治学会・日本地域政治学会","政治学"
"日本中小企業学会","政治学"
"日本農業法学会","政治学"
"日本比較政治学会","政治学"
"日本福祉心理学会","政治学"
"日本福祉のまちづくり学会","政治学"
"日本法政学会","政治学"
"日本防衛学会","政治学"
"日本マクロエンジニアリング学会","政治学"
"日本マレーシア学会","政治学"
"日本有機農業学会","政治学"
"日本臨床政治学会","政治学"
"日本ヴィクトリア朝文化研究学会","政治学"
"ニュージーランド学会","政治学"
"人間の安全保障学会","政治学"
"比較家族史学会","政治学"
"比較文明学会","政治学"
"東アジア学会","政治学"
"富士学会","政治学"
"北海道都市地域学会","政治学"
"マルクス・エンゲルス研究者の会","政治学"
"水資源・環境学会","政治学"
"唯物論研究協会","政治学"
"林業経済学会","政治学"
"アジア教育学会","経済学"
"アジア市場経済学会","経済学"
"アメリカ学会","経済学"
"生き物文化誌学会","経済学"
"イタリア学会","経済学"
"移民政策学会","経済学"
"医療経済学会","経済学"
"エネルギー・資源学会","経済学"
"横断型基幹科学技術研究団体連合","経済学"
"カルチュラル・スタディーズ学会","経済学"
"環境経営学会","経済学"
"環境経済・政策学会","経済学"
"観光まちづくり学会","経済学"
"看護理工学会","経済学"
"環太平洋産業連関分析学会","経済学"
"企業家研究フォーラム","経済学"
"基礎経済科学研究所","経済学"
"九州経済学会","経済学"
"共生社会システム学会","経済学"
"漁業経済学会","経済学"
"景気循環学会","経済学"
"経済学史学会","経済学"
"経済教育学会","経済学"
"経済社会学会","経済学"
"経済地理学会","経済学"
"経済統計学会","経済学"
"経済理論学会","経済学"
"現代韓国朝鮮学会","経済学"
"公益事業学会","経済学"
"公共選択学会","経済学"
"工業経営研究学会","経済学"
"交通権学会","経済学"
"交通史学会","経済学"
"行動経済学会","経済学"
"国際アジア共同体学会","経済学"
"国際開発学会","経済学"
"国際漁業学会","経済学"
"国際公共経済学会","経済学"
"国際ジェンダー学会","経済学"
"国際ビジネスコミュニケーション学会","経済学"
"国際服飾学会","経済学"
"産業学会","経済学"
"サービス学会","経済学"
"しごと能力研究学会","経済学"
"資産評価政策学会","経済学"
"社会系教科教育学会","経済学"
"社会経済史学会","経済学"
"社会・経済システム学会","経済学"
"社会思想史学会","経済学"
"社会情報学会","経済学"
"社会政策学会","経済学"
"社会文化学会","経済学"
"社叢学会","経済学"
"証券経済学会","経済学"
"進化経済学会","経済学"
"信用理論研究学会","経済学"
"自治体学会","経済学"
"情報システム学会","経済学"
"情報社会学会","経済学"
"情報通信学会","経済学"
"情報法制学会","経済学"
"数理経済学会","経済学"
"生活経済学会","経済学"
"政策情報学会","経済学"
"政治経済学・経済史学会","経済学"
"生存科学研究所","経済学"
"戦略研究学会","経済学"
"総合人間学会","経済学"
"組織学会","経済学"
"台湾史研究会","経済学"
"たたら研究会","経済学"
"大学評価学会","経済学"
"地域デザイン学会","経済学"
"中国経済経営学会","経済学"
"中四国商経学会","経済学"
"中部農業経済学会","経済学"
"鉄道史学会","経済学"
"東南アジア学会","経済学"
"東北経済学会","経済学"
"東北農業経済学会","経済学"
"日本地図学会","経済学"
"日本農業史学会","経済学"
"日本イギリス哲学会","経済学"
"日本移民学会","経済学"
"日本医療福祉政策学会","経済学"
"日本EU学会","経済学"
"日本NPO学会","経済学"
"日本FP学会","経済学"
"日本沿岸域学会","経済学"
"日本応用経済学会","経済学"
"日本応用老年学会","経済学"
"日本海運経済学会","経済学"
"日本会計研究学会","経済学"
"日本科学者会議","経済学"
"日本環境学会","経済学"
"日本観光学会","経済学"
"日本観光研究学会","経済学"
"日本学童保育学会","経済学"
"日本危機管理学会","経済学"
"日本キャリアデザイン学会","経済学"
"日本協同組合学会","経済学"
"日本金融学会","経済学"
"日本金融・証券計量・工学学会","経済学"
"日本経営財務研究学会","経済学"
"日本経営システム学会","経済学"
"日本経営数学会","経済学"
"日本計画行政学会","経済学"
"日本経済学会","経済学"
"日本経済学会連合","経済学"
"日本経済思想史学会","経済学"
"日本経済政策学会","経済学"
"日本現代中国学会","経済学"
"日本航海学会","経済学"
"日本公共政策学会","経済学"
"日本広告学会","経済学"
"日本交渉学会","経済学"
"日本交通学会","経済学"
"日本港湾経済学会","経済学"
"日本国際観光学会","経済学"
"日本国際教養学会","経済学"
"日本国際経済学会","経済学"
"日本国際情報学会","経済学"
"日本国際地域開発学会","経済学"
"日本国際文化学会","経済学"
"日本子ども健康科学会（子どもの心･体と環境を考える会）","経済学"
"日本ゴルフ学会","経済学"
"日本災害復興学会","経済学"
"日本産業教育学会","経済学"
"日本サンゴ礁学会","経済学"
"日本財政学会","経済学"
"日本思想史学会","経済学"
"日本商業学会","経済学"
"日本消費経済学会","経済学"
"日本消費者行動研究学会","経済学"
"日本ジェンダー学会","経済学"
"日本時間学会","経済学"
"日本生命倫理学会","経済学"
"日本創造学会","経済学"
"日本村落研究学会","経済学"
"日本地域学会","経済学"
"日本地域経済学会","経済学"
"日本知財学会","経済学"
"日本地方財政学会","経済学"
"日本地方自治学会","経済学"
"日本中小企業学会","経済学"
"日本テニス学会","経済学"
"日本都市学会","経済学"
"日本年金学会","経済学"
"日本農業経済学会","経済学"
"日本農業法学会","経済学"
"日本バスケットボール学会","経済学"
"日本ファイナンス学会","経済学"
"日本福祉心理学会","経済学"
"日本福祉のまちづくり学会","経済学"
"日本不動産学会","経済学"
"日本フードサービス学会","経済学"
"日本ブドウ・ワイン学会","経済学"
"日本ヘルスプロモーション学会","経済学"
"日本保険学会","経済学"
"日本貿易学会","経済学"
"日本マクロエンジニアリング学会","経済学"
"日本マレーシア学会","経済学"
"日本有機農業学会","経済学"
"日本流通学会","経済学"
"日本老年社会科学会","経済学"
"日本労務学会","経済学"
"日本ヴィクトリア朝文化研究学会","経済学"
"ニュージーランド学会","経済学"
"人間の安全保障学会","経済学"
"農業問題研究学会","経済学"
"バイオメディカル・ファジィ・システム学会","経済学"
"比較家族史学会","経済学"
"比較経済体制学会","経済学"
"比較文明学会","経済学"
"東アジア学会","経済学"
"貧困研究会","経済学"
"富士学会","経済学"
"文化経済学会＜日本＞","経済学"
"北海道都市地域学会","経済学"
"北海道農業経済学会","経済学"
"マルクス・エンゲルス研究者の会","経済学"
"水資源・環境学会","経済学"
"木質炭化学会","経済学"
"唯物論研究協会","経済学"
"林業経済学会","経済学"
"労務理論学会","経済学"
"アジア教育学会","経営学"
"アジア経営学会","経営学"
"アメリカ学会","経営学"
"異文化経営学会","経営学"
"エネルギー・資源学会","経営学"
"横断型基幹科学技術研究団体連合","経営学"
"オペレーションズ・マネジメント＆ストラテジー学会","経営学"
"会計理論学会","経営学"
"環境経営学会","経営学"
"観光学術学会","経営学"
"看護理工学会","経営学"
"関西ベンチャー学会","経営学"
"企業家研究フォーラム","経営学"
"基礎経済科学研究所","経営学"
"九州経済学会","経営学"
"京都滋賀体育学会","経営学"
"経営関連学会協議会","経営学"
"経営学史学会","経営学"
"経営行動科学学会","経営学"
"経営行動研究学会","経営学"
"経営史学会","経営学"
"経営情報学会","経営学"
"経営哲学学会","経営学"
"経済教育学会","経営学"
"研究・イノベーション学会","経営学"
"現代韓国朝鮮学会","経営学"
"工業経営研究学会","経営学"
"交通権学会","経営学"
"交通史学会","経営学"
"行動経済学会","経営学"
"国際アジア共同体学会","経営学"
"国際会計研究学会","経営学"
"国際開発学会","経営学"
"国際公会計学会","経営学"
"国際ジェンダー学会","経営学"
"国際戦略経営研究学会","経営学"
"国際ビジネス研究学会","経営学"
"国際ビジネスコミュニケーション学会","経営学"
"国際P2M学会","経営学"
"産業応用工学会","経営学"
"産業学会","経営学"
"サービス学会","経営学"
"しごと能力研究学会","経営学"
"資産評価政策学会","経営学"
"システム監査学会","経営学"
"社会系教科教育学会","経営学"
"社会・経済システム学会","経営学"
"社会情報学会","経営学"
"社会政策学会","経営学"
"社会文化学会","経営学"
"実践経営学会","経営学"
"情報システム学会","経営学"
"情報社会学会","経営学"
"情報通信学会","経営学"
"情報法制学会","経営学"
"人材育成学会","経営学"
"政策情報学会","経営学"
"戦略研究学会","経営学"
"総合人間学会","経営学"
"組織学会","経営学"
"台湾史研究会","経営学"
"多国籍企業学会","経営学"
"たたら研究会","経営学"
"大学評価学会","経営学"
"地域デザイン学会","経営学"
"中国経済経営学会","経営学"
"中四国商経学会","経営学"
"中部農業経済学会","経営学"
"鉄道史学会","経営学"
"東南アジア学会","経営学"
"東北経済学会","経営学"
"日仏経営学会","経営学"
"日本EU学会","経営学"
"日本疫学会","経営学"
"日本NPO学会","経営学"
"日本オフィス学会","経営学"
"日本オペレーションズ・リサーチ学会","経営学"
"日本会計研究学会","経営学"
"日本会計史学会","経営学"
"日本開発工学会","経営学"
"日本科学者会議","経営学"
"日本家政学会","経営学"
"日本環境学会","経営学"
"日本観光学会","経営学"
"日本観光研究学会","経営学"
"日本観光ホスピタリティ教育学会","経営学"
"日本監査研究学会","経営学"
"日本管理会計学会","経営学"
"日本危機管理学会","経営学"
"日本企業経営学会","経営学"
"日本キャリアデザイン学会","経営学"
"日本教育政策学会","経営学"
"日本協同組合学会","経営学"
"日本経営会計学会","経営学"
"日本経営学会","経営学"
"日本経営工学会","経営学"
"日本経営財務研究学会","経営学"
"日本経営システム学会","経営学"
"日本経営診断学会","経営学"
"日本経営実務研究学会","経営学"
"日本経営数学会","経営学"
"日本経営分析学会","経営学"
"日本経営倫理学会","経営学"
"日本計算機統計学会","経営学"
"日本経済学会連合","経営学"
"日本経済思想史学会","経営学"
"日本原価計算研究学会","経営学"
"日本現代中国学会","経営学"
"日本広告学会","経営学"
"日本交渉学会","経営学"
"日本交通学会","経営学"
"日本広報学会","経営学"
"日本港湾経済学会","経営学"
"日本国際観光学会","経営学"
"日本国際教養学会","経営学"
"日本国際情報学会","経営学"
"日本国際地域開発学会","経営学"
"日本子ども健康科学会（子どもの心･体と環境を考える会）","経営学"
"日本ゴルフ学会","経営学"
"日本産業衛生学会","経営学"
"日本産業教育学会","経営学"
"日本産業経済学会","経営学"
"日本財務管理学会","経営学"
"日本思想史学会","経営学"
"日本シミュレーション＆ゲーミング学会","経営学"
"日本社会関連会計学会","経営学"
"日本社会薬学会","経営学"
"日本商業学会","経営学"
"日本消費経済学会","経営学"
"日本商品学会","経営学"
"日本森林学会","経営学"
"日本ジェンダー学会","経営学"
"日本時間学会","経営学"
"日本情報経営学会","経営学"
"日本情報ディレクトリ学会","経営学"
"日本生産管理学会","経営学"
"日本生命倫理学会","経営学"
"日本セキュリティ・マネジメント学会","経営学"
"日本創造学会","経営学"
"日本体育・スポーツ経営学会","経営学"
"日本知財学会","経営学"
"日本地方自治学会","経営学"
"日本地方自治研究学会","経営学"
"日本中小企業学会","経営学"
"日本テニス学会","経営学"
"日本ディスクロージャー研究学会","経営学"
"日本ナレッジ・マネジメント学会","経営学"
"日本農業経済学会","経営学"
"日本農業法学会","経営学"
"日本バスケットボール学会","経営学"
"日本比較経営学会","経営学"
"日本品質管理学会","経営学"
"日本ビジネス実務学会","経営学"
"日本ビジネス・マネジメント学会","経営学"
"日本ビジネスモデル学会","経営学"
"日本フードサービス学会","経営学"
"日本物流学会","経営学"
"日本ブドウ・ワイン学会","経営学"
"日本分類学会","経営学"
"日本ヘルスプロモーション学会","経営学"
"日本ベンチャー学会","経営学"
"日本保険学会","経営学"
"日本ホスピタリティ・マネジメント学会","経営学"
"日本貿易学会","経営学"
"日本簿記学会","経営学"
"日本マクロエンジニアリング学会","経営学"
"日本マネジメント学会","経営学"
"日本マレーシア学会","経営学"
"日本マーケティング学会","経営学"
"日本マーケティング・サイエンス学会","経営学"
"日本ミュージアム・マネージメント学会","経営学"
"日本有機農業学会","経営学"
"日本リスクマネジメント学会","経営学"
"日本流通学会","経営学"
"日本労務学会","経営学"
"非営利法人研究学会","経営学"
"比較経済体制学会","経営学"
"比較文明学会","経営学"
"東アジア学会","経営学"
"ファッションビジネス学会","経営学"
"舞踊学会","経営学"
"プロジェクトマネジメント学会","経営学"
"北海道体育学会","経営学"
"北海道都市地域学会","経営学"
"北海道農業経済学会","経営学"
"マルクス・エンゲルス研究者の会","経営学"
"余暇ツーリズム学会","経営学"
"林業経済学会","経営学"
"労務理論学会","経営学"
